YTest,V_SEM,V_DDM,V_Hybrid,Error_SEM,Error_DDM,Error_Hybrid
191.57,192.599,191.453,192.37,1.02946,-0.116776,0.800213
191.6,192.643,191.807,192.476,1.04282,0.206757,0.875608
191.54,192.549,191.462,192.331,1.00864,-0.0779114,0.791327
191.44,192.403,191.417,192.206,0.963191,-0.0226898,0.766015
191.64,192.595,191.566,192.389,0.955273,-0.0743408,0.74935
191.39,192.429,190.828,192.109,1.0388,-0.561798,0.718679
192.68,192.793,192.705,192.776,0.113239,0.0249176,0.0955744
193.73,192.961,194.028,193.174,-0.769208,0.297531,-0.55586
192.67,192.619,192.93,192.681,-0.0505946,0.259857,0.0114957
192.42,192.477,192.397,192.461,0.057326,-0.0233917,0.0411824
194.67,193.108,194.806,193.447,-1.56248,0.135574,-1.22287
194.09,192.977,193.674,193.116,-1.11332,-0.415558,-0.973765
193.71,192.924,193.121,192.963,-0.785876,-0.589264,-0.746553
194.57,193.188,194.393,193.429,-1.38184,-0.177475,-1.14097
195.43,193.453,195.059,193.774,-1.97747,-0.37149,-1.65628
194.88,193.215,194.397,193.451,-1.66524,-0.482529,-1.42869
194.2,192.913,193.943,193.119,-1.28711,-0.256699,-1.08102
193.43,192.674,193.517,192.843,-0.755532,0.0871582,-0.586994
193.29,192.563,192.9,192.631,-0.726606,-0.389709,-0.659227
192.52,192.487,192.438,192.477,-0.0332618,-0.0821533,-0.0430401
196.29,193.541,196.117,194.056,-2.74909,-0.17334,-2.23394
196.36,193.449,195.553,193.87,-2.91065,-0.807251,-2.48997
195.24,193.096,194.651,193.407,-2.14366,-0.589294,-1.83279
194.6,192.864,193.959,193.083,-1.73598,-0.640717,-1.51692
194.47,192.899,193.828,193.085,-1.57099,-0.641525,-1.3851
193.92,192.732,193.203,192.827,-1.18758,-0.717056,-1.09348
193.64,192.719,193.286,192.832,-0.920994,-0.353836,-0.807562
193.25,192.599,193.052,192.69,-0.650555,-0.197952,-0.560034
193.08,192.496,192.877,192.572,-0.583723,-0.203323,-0.507643
192.92,192.392,192.723,192.458,-0.527581,-0.197433,-0.461551
192.51,192.281,192.428,192.31,-0.228954,-0.082489,-0.199661
192.25,192.22,191.978,192.171,-0.0301692,-0.272415,-0.0786184
192.21,192.211,192.005,192.17,0.0014211,-0.205124,-0.0398879
194.81,192.95,195,193.36,-1.85965,0.190308,-1.44966
194.11,192.672,194.041,192.946,-1.43834,-0.0686188,-1.1644
193.31,192.408,193.358,192.598,-0.901874,0.0479126,-0.711917
192.58,192.195,192.48,192.252,-0.384653,-0.099762,-0.327675
192.36,192.041,192.005,192.034,-0.318757,-0.354767,-0.325959
192.14,191.898,191.969,191.912,-0.24245,-0.170685,-0.228097
191.94,191.842,192.005,191.874,-0.0981565,0.064682,-0.0655888
191.87,191.86,191.361,191.76,-0.0100795,-0.509308,-0.109925
191.66,191.756,191.351,191.675,0.0963563,-0.308563,0.0153724
191.43,191.632,191.164,191.539,0.202499,-0.266266,0.108746
191.35,191.636,191.226,191.554,0.286312,-0.123795,0.20429
191.11,191.445,190.714,191.299,0.335113,-0.395813,0.188927
191.15,191.468,190.817,191.338,0.318447,-0.333115,0.188135
190.71,191.349,190.478,191.175,0.638927,-0.231995,0.464742
193.67,192.155,194.343,192.592,-1.5152,0.673035,-1.07755
192.83,191.994,193.601,192.315,-0.836383,0.771317,-0.514843
192.16,191.67,192.591,191.854,-0.490438,0.430679,-0.306214
194.25,192.135,194.146,192.537,-2.11513,-0.104004,-1.71291
193.42,191.923,192.95,192.128,-1.49719,-0.469727,-1.29169
192.67,191.675,192.457,191.831,-0.995038,-0.213379,-0.838706
192.22,191.475,191.896,191.559,-0.744927,-0.324356,-0.660813
192.08,191.427,191.755,191.493,-0.652897,-0.325073,-0.587332
191.79,191.282,191.286,191.282,-0.508327,-0.504257,-0.507513
191.63,191.23,191.195,191.223,-0.399508,-0.43512,-0.406631
191.54,191.373,191.199,191.338,-0.167001,-0.340851,-0.201771
191.34,191.228,191.12,191.207,-0.111708,-0.220184,-0.133404
190.38,190.881,190.235,190.752,0.501294,-0.145447,0.371946
189.65,190.618,189.671,190.428,0.967604,0.0207825,0.778239
191.26,191.166,191.665,191.266,-0.0939097,0.405273,0.00592693
191.58,191.233,191.783,191.343,-0.346863,0.203156,-0.236859
191.62,191.167,191.811,191.296,-0.45344,0.191452,-0.324461
191.39,191.187,191.344,191.218,-0.203476,-0.0457458,-0.17193
190.56,190.917,190.415,190.817,0.357408,-0.14505,0.256917
191.31,191.284,191.49,191.325,-0.0262544,0.179626,0.0149217
190.25,190.749,190.374,190.674,0.498886,0.124359,0.423981
190.06,190.735,190.101,190.609,0.675477,0.0410309,0.548588
189.89,190.599,189.699,190.419,0.709145,-0.190674,0.529181
194.19,192.18,193.952,192.535,-2.00951,-0.23793,-1.65519
193.23,191.842,193.035,192.08,-1.38832,-0.194977,-1.14965
192.75,191.687,192.794,191.908,-1.06299,0.0443878,-0.841514
192.32,191.525,191.789,191.578,-0.79483,-0.530884,-0.742041
192.07,191.496,191.485,191.494,-0.574107,-0.584518,-0.576189
191.96,191.461,191.598,191.488,-0.499148,-0.361526,-0.471624
191.67,191.322,191.324,191.323,-0.347636,-0.345749,-0.347258
191.6,191.327,191.399,191.341,-0.273189,-0.201157,-0.258783
191.47,191.274,191.29,191.277,-0.195702,-0.179855,-0.192533
191.43,191.336,191.003,191.269,-0.0939862,-0.427414,-0.160672
191.09,191.152,190.929,191.107,0.0616054,-0.161133,0.0170578
190.92,191.22,190.785,191.133,0.299684,-0.135345,0.212678
190.62,191.118,190.45,190.984,0.498101,-0.170013,0.364478
190.4,191.005,190.355,190.875,0.604537,-0.0452576,0.474578
190.42,190.982,190.347,190.855,0.561694,-0.0726929,0.434817
190.22,190.912,190.203,190.77,0.691555,-0.0166779,0.549908
190.12,190.862,189.986,190.687,0.742291,-0.134338,0.566965
190.12,190.829,189.863,190.636,0.709016,-0.256622,0.515888
190.2,190.955,190.195,190.803,0.754507,-0.00518799,0.602568
193.97,192.1,194.135,192.507,-1.86978,0.165115,-1.4628
193.14,191.8,193.576,192.156,-1.33954,0.436096,-0.984416
192.54,191.581,192.837,191.832,-0.959456,0.297089,-0.708147
192.13,191.383,191.652,191.437,-0.74689,-0.477722,-0.693057
191.97,191.322,191.652,191.388,-0.648258,-0.317612,-0.582129
191.79,191.309,191.249,191.297,-0.48077,-0.541321,-0.49288
191.67,191.266,191.166,191.246,-0.40373,-0.503784,-0.423741
191.45,191.223,191.2,191.219,-0.22673,-0.249542,-0.231293
191.29,191.147,190.962,191.11,-0.142621,-0.328064,-0.17971
190.99,190.944,190.983,190.952,-0.046005,-0.00749207,-0.0383024
190.84,190.977,190.615,190.905,0.137198,-0.224823,0.0647942
190.5,190.865,190.2,190.732,0.365209,-0.300461,0.232075
190.38,190.8,190.14,190.668,0.419817,-0.239929,0.287868
190.25,190.751,190.014,190.604,0.50127,-0.235535,0.353909
189.96,190.68,189.902,190.525,0.720265,-0.0584412,0.564524
190,190.638,189.737,190.458,0.638156,-0.263245,0.457876
189.88,190.605,189.721,190.428,0.72485,-0.158691,0.548142
189.52,190.565,189.264,190.305,1.04531,-0.25589,0.785067
189.41,190.536,189.158,190.26,1.12602,-0.251602,0.850496
189.29,190.505,189.201,190.244,1.21512,-0.0894928,0.954196
189.28,190.489,189.217,190.234,1.20865,-0.062851,0.954352
189.05,190.413,189.07,190.144,1.36287,0.0197601,1.09424
189.08,190.485,189.058,190.2,1.40541,-0.0217743,1.11997
188.94,190.447,188.821,190.122,1.50689,-0.119202,1.18167
188.88,190.41,188.75,190.078,1.52959,-0.130234,1.19762
188.72,190.354,188.69,190.021,1.63386,-0.030304,1.30103
188.77,190.373,188.743,190.047,1.60345,-0.0272217,1.27732
188.43,190.272,188.462,189.91,1.84203,0.0321198,1.48005
188.14,190.179,188.292,189.801,2.03862,0.152222,1.66134
188.31,190.239,188.521,189.896,1.92908,0.211304,1.58552
188.6,189.813,186.964,189.243,1.21299,-1.63559,0.643277
192.2,191.447,190.94,191.346,-0.752746,-1.25978,-0.854153
191.83,191.236,192.01,191.39,-0.594432,0.179947,-0.439556
191.28,191.031,190.826,190.99,-0.249482,-0.454193,-0.290424
190.99,190.996,189.32,190.661,0.00571136,-1.67023,-0.329476
190.75,190.92,190.349,190.806,0.169811,-0.40097,0.0556545
190.6,190.871,190.15,190.727,0.27125,-0.44957,0.127086
190.35,190.77,189.874,190.591,0.419653,-0.476074,0.240507
190.22,190.772,189.802,190.578,0.551635,-0.418243,0.35766
190.05,190.674,189.578,190.455,0.624085,-0.472137,0.40484
190.08,190.667,189.664,190.467,0.587254,-0.416183,0.386567
190.07,190.68,189.688,190.481,0.609702,-0.382339,0.411294
190,190.728,189.316,190.446,0.72846,-0.684402,0.445887
189.92,190.74,189.247,190.441,0.820098,-0.673309,0.521417
189.91,190.74,189.472,190.486,0.829691,-0.438324,0.576088
189.81,190.689,189.35,190.421,0.87871,-0.460312,0.610906
189.69,190.629,189.179,190.339,0.938826,-0.510986,0.648864
189.71,190.641,189.237,190.36,0.931256,-0.473221,0.650361
189.55,190.589,189.155,190.302,1.03866,-0.394577,0.752015
189.61,190.607,189.187,190.323,0.996738,-0.423172,0.712756
189.43,190.556,189.042,190.253,1.12571,-0.387497,0.823065
189.45,190.577,189.045,190.271,1.12698,-0.405045,0.820573
189.33,190.516,189.018,190.216,1.18552,-0.311691,0.886081
189.16,190.457,188.903,190.146,1.2973,-0.25679,0.986482
192.37,191.497,192.305,191.659,-0.872509,-0.0647278,-0.710953
192.8,191.578,192.528,191.768,-1.22224,-0.272003,-1.03219
192.37,191.49,191.953,191.583,-0.879672,-0.416687,-0.787075
192.07,191.433,191.376,191.421,-0.637468,-0.694336,-0.648842
191.9,191.208,191.795,191.326,-0.69173,-0.105194,-0.574422
191.8,191.263,191.678,191.346,-0.537443,-0.121811,-0.454316
191.64,191.165,191.249,191.182,-0.4745,-0.391068,-0.457813
191.5,191.096,191.151,191.107,-0.40423,-0.349487,-0.393281
191.46,191.059,191.017,191.051,-0.400875,-0.44281,-0.409262
191.29,191.002,190.899,190.982,-0.287612,-0.391006,-0.308291
191.16,190.964,190.771,190.925,-0.195841,-0.389359,-0.234544
190.97,190.91,190.558,190.839,-0.060187,-0.411804,-0.13051
190.87,190.934,190.417,190.831,0.0640587,-0.453308,-0.0394147
190.79,190.853,190.264,190.735,0.0631241,-0.526199,-0.0547406
190.53,190.744,190.21,190.637,0.213646,-0.31958,0.107
190.49,190.812,189.92,190.633,0.321764,-0.569656,0.14348
190.44,190.789,189.806,190.592,0.348803,-0.634094,0.152224
190.45,190.788,189.907,190.611,0.337616,-0.542999,0.161493
190.32,190.733,189.811,190.548,0.412501,-0.509476,0.228105
189.93,190.618,189.503,190.395,0.687815,-0.426743,0.464903
190.04,190.645,189.585,190.433,0.604758,-0.455414,0.392723
189.98,190.618,189.618,190.418,0.637806,-0.36174,0.437896
189.63,190.507,189.297,190.265,0.877175,-0.333405,0.635059
188.53,190.059,188.068,189.661,1.52869,-0.462234,1.1305
192.08,191.289,192.063,191.444,-0.790831,-0.0170898,-0.636083
191.66,191.181,191.685,191.282,-0.479224,0.025116,-0.378356
191.26,191.05,190.971,191.034,-0.210398,-0.288834,-0.226085
191.09,191.068,190.399,190.934,-0.0218369,-0.691254,-0.15572
190.81,190.963,191.92,191.154,0.152875,1.11024,0.344349
190.58,190.883,191.922,191.091,0.302663,1.342,0.510529
190.43,190.852,191.908,191.063,0.421565,1.47847,0.632946
190.32,190.78,191.779,190.98,0.46014,1.45851,0.659814
190.03,190.709,191.425,190.852,0.678512,1.39478,0.821765
189.97,190.743,191.215,190.837,0.772946,1.24475,0.867307
189.88,190.713,191.159,190.802,0.832624,1.2791,0.921919
189.76,190.662,191.238,190.777,0.902234,1.47791,1.01737
189.67,190.636,191.088,190.726,0.966021,1.41771,1.05636
189.59,190.595,190.984,190.673,1.00529,1.39424,1.08308
189.42,190.509,190.693,190.546,1.08858,1.27338,1.12554
189.44,190.502,190.652,190.532,1.06172,1.21222,1.09182
189.19,190.455,190.532,190.47,1.26454,1.34178,1.27999
189.16,190.401,190.32,190.385,1.24096,1.16042,1.22485
189.08,190.37,190.216,190.339,1.28989,1.13588,1.25908
189.1,190.355,190.164,190.317,1.25494,1.06381,1.21671
189.1,190.367,190.196,190.332,1.26659,1.0956,1.23239
189.03,190.342,190.086,190.291,1.31203,1.05635,1.2609
188.91,190.289,189.876,190.206,1.37919,0.965652,1.29648
188.99,190.325,189.966,190.253,1.335,0.976273,1.26326
188.88,190.259,189.881,190.183,1.37852,1.00101,1.30302
188.94,190.351,189.677,190.216,1.41082,0.736603,1.27597
188.79,190.308,189.489,190.144,1.51763,0.698914,1.35389
188.66,190.263,189.517,190.114,1.60289,0.856628,1.45363
188.65,190.246,189.595,190.116,1.59635,0.94516,1.46611
188.53,190.046,189.102,189.857,1.51635,0.571686,1.32742
193.55,191.592,193.513,191.976,-1.95806,-0.0371399,-1.57388
192.59,191.357,193.515,191.788,-1.23343,0.92482,-0.801777
192.11,191.149,192.133,191.346,-0.960679,0.0227051,-0.764002
191.92,191.046,190.983,191.034,-0.873631,-0.936783,-0.886262
191.58,190.927,191.179,190.978,-0.652739,-0.400894,-0.60237
191.38,190.851,190.74,190.829,-0.528597,-0.640411,-0.55096
191.28,190.882,190.557,190.817,-0.398,-0.723267,-0.463053
191.08,190.819,190.679,190.791,-0.260956,-0.40062,-0.288889
191.04,190.799,190.616,190.762,-0.24111,-0.423828,-0.277653
190.76,190.712,190.237,190.617,-0.0478713,-0.522736,-0.142844
190.54,190.635,190.054,190.519,0.0950683,-0.486221,-0.0211897
190.54,190.626,190.128,190.526,0.0857927,-0.411987,-0.0137633
190.3,190.554,189.942,190.432,0.254387,-0.357697,0.13197
190.18,190.503,189.735,190.349,0.32317,-0.445328,0.169471
190.04,190.449,189.609,190.281,0.408726,-0.431091,0.240762
189.75,190.389,189.528,190.217,0.639437,-0.222488,0.467052
189.86,190.392,189.55,190.224,0.532243,-0.310287,0.363737
189.65,190.334,189.385,190.144,0.683787,-0.264984,0.494033
189.66,190.42,189.141,190.164,0.759832,-0.518555,0.504155
189.29,190.196,189.028,189.962,0.905868,-0.261795,0.672335
189.29,190.185,189.239,189.996,0.894964,-0.0510864,0.705754
189.25,190.144,189.022,189.92,0.894278,-0.228455,0.669731
189.23,190.211,188.742,189.917,0.980919,-0.488388,0.687058
189.11,190.165,188.612,189.855,1.05533,-0.498337,0.744599
189.06,190.135,188.672,189.843,1.07509,-0.387726,0.782523
188.09,189.873,187.852,189.469,1.78329,-0.237778,1.37908
187.66,189.767,187.657,189.345,2.10733,-0.00288391,1.68529
187.98,189.75,188.326,189.465,1.77027,0.345673,1.48535
188.25,189.93,188.453,189.634,1.67994,0.202591,1.38447
188.35,189.946,188.15,189.587,1.59641,-0.199921,1.23714
188.49,189.895,188.156,189.547,1.40487,-0.333557,1.05719
188.49,189.897,188.185,189.554,1.40685,-0.305435,1.0644
188.44,189.874,188.286,189.557,1.43448,-0.153809,1.11682
188.34,189.848,188.32,189.542,1.50751,-0.019989,1.20201
188.44,189.867,188.056,189.504,1.42652,-0.384094,1.0644
188.47,189.849,188.064,189.492,1.37901,-0.405609,1.02209
188.47,189.845,188.154,189.507,1.37535,-0.315598,1.03716
188.48,189.953,188.082,189.578,1.47254,-0.398376,1.09836
188.35,189.896,187.813,189.479,1.54565,-0.537109,1.1291
188.37,189.895,188.015,189.519,1.52523,-0.355164,1.14915
188.26,189.77,188.236,189.463,1.50951,-0.0244141,1.20273
188.33,189.871,188.179,189.533,1.54098,-0.151306,1.20252
188.37,189.875,188.038,189.508,1.50537,-0.332382,1.13782
188.26,189.849,187.963,189.472,1.58912,-0.296539,1.21199
188.25,189.827,187.947,189.451,1.57692,-0.303497,1.20084
188.2,189.905,187.904,189.504,1.70454,-0.296402,1.30435
188.16,189.787,187.988,189.428,1.62732,-0.171707,1.26751
188.14,189.78,188.165,189.457,1.64042,0.0247498,1.31728
188.14,189.878,188.019,189.506,1.7382,-0.121201,1.36632
187.93,189.784,187.758,189.379,1.85423,-0.172455,1.44889
187.93,189.781,187.854,189.395,1.85055,-0.0757141,1.4653
187.83,189.643,188.13,189.341,1.81322,0.299759,1.51052
187.78,189.626,188.187,189.338,1.84579,0.407196,1.55807
187.73,189.612,188.043,189.298,1.88167,0.312943,1.56793
192.9,191.16,193.027,191.534,-1.73977,0.126694,-1.36648
191.98,190.774,192.156,191.05,-1.20648,0.176468,-0.929893
191.49,190.6,191.238,190.727,-0.890215,-0.252213,-0.762614
191.13,190.518,190.316,190.478,-0.611573,-0.81395,-0.652048
190.95,190.421,190.593,190.455,-0.529125,-0.356628,-0.494626
190.64,190.326,190.354,190.332,-0.314103,-0.285873,-0.308457
190.42,190.356,190.086,190.302,-0.0643204,-0.33429,-0.118314
190.18,190.256,189.948,190.194,0.0757819,-0.23175,0.0142754
190.19,190.279,190.205,190.264,0.0887303,0.0147247,0.0739292
189.94,190.164,189.899,190.111,0.223555,-0.0414124,0.170561
189.82,190.152,189.906,190.103,0.331841,0.0862122,0.282715
189.86,190.163,189.979,190.126,0.302754,0.118912,0.265985
189.98,190.2,190.149,190.189,0.219561,0.169174,0.209484
189.73,190.09,189.744,190.021,0.360215,0.0137177,0.290916
189.53,190.09,189.351,189.942,0.560151,-0.178833,0.412354
189.43,190.058,189.367,189.92,0.628204,-0.0632172,0.489919
189.58,190.122,189.583,190.014,0.541646,0.00296021,0.433909
189.33,190.019,189.265,189.869,0.689452,-0.0652313,0.538515
189.39,189.991,189.27,189.847,0.600703,-0.120255,0.456512
189.28,189.952,189.258,189.813,0.67226,-0.0223541,0.533337
189.19,189.909,189.108,189.749,0.718944,-0.0821228,0.558731
189.02,189.876,188.964,189.694,0.856265,-0.0561066,0.673791
188.89,189.892,188.637,189.641,1.00203,-0.253403,0.750947
188.89,189.81,188.645,189.577,0.920124,-0.24469,0.687161
188.94,189.872,188.747,189.647,0.931696,-0.193253,0.706706
188.92,189.867,188.57,189.608,0.947297,-0.350052,0.687827
189.16,189.951,188.877,189.736,0.790943,-0.283371,0.57608
188.96,189.925,188.825,189.705,0.96463,-0.135025,0.744699
188.99,189.91,188.798,189.687,0.919573,-0.192245,0.697209
188.84,189.849,188.673,189.614,1.00941,-0.167435,0.774039
188.72,189.813,188.595,189.569,1.09259,-0.125229,0.849024
188.81,189.816,188.717,189.596,1.00614,-0.0929718,0.786318
188.77,189.842,188.788,189.631,1.07152,0.0184021,0.860899
188.62,189.845,188.307,189.538,1.22549,-0.31337,0.917717
188.78,189.889,188.378,189.587,1.1087,-0.401749,0.806614
188.53,189.824,188.525,189.564,1.29354,-0.00498962,1.03384
188.59,189.836,188.598,189.588,1.24604,0.00782776,0.998394
188.58,189.82,188.593,189.575,1.24026,0.0133057,0.994869
188.59,189.847,188.646,189.606,1.25653,0.0557861,1.01638
188.5,189.792,188.575,189.549,1.2919,0.0752563,1.04857
188.73,189.857,188.734,189.632,1.12692,0.0039978,0.902338
188.45,189.783,188.528,189.532,1.33295,0.0779877,1.08195
188.31,189.728,188.351,189.453,1.41833,0.0408936,1.14284
188.41,189.776,188.592,189.54,1.36637,0.18222,1.12954
188.4,189.735,188.513,189.49,1.33468,0.113495,1.09044
188.34,189.714,188.388,189.449,1.37412,0.0479431,1.10888
188.34,189.697,188.369,189.432,1.35746,0.0290222,1.09177
188.36,189.714,188.471,189.465,1.35398,0.111069,1.1054
188.34,189.737,188.465,189.483,1.39696,0.125458,1.14266
188.2,189.657,188.249,189.375,1.45654,0.049469,1.17512
188.12,189.59,188.137,189.299,1.46978,0.016983,1.17922
188.23,189.609,188.287,189.345,1.37947,0.0572662,1.11503
188.24,189.65,188.354,189.391,1.41028,0.113785,1.15098
188.15,189.589,188.101,189.292,1.43925,-0.0487976,1.14164
193.01,191.133,192.681,191.442,-1.87743,-0.328568,-1.56766
192.09,190.811,192.022,191.054,-1.27862,-0.0678864,-1.03647
191.79,190.677,191.051,190.752,-1.11306,-0.738525,-1.03816
191.61,190.674,190.704,190.68,-0.935845,-0.905823,-0.929841
191.41,190.525,190.773,190.575,-0.884858,-0.636826,-0.835251
190.93,190.394,190.48,190.411,-0.535814,-0.449585,-0.518568
190.74,190.333,190.37,190.34,-0.407048,-0.36969,-0.399577
190.64,190.29,190.356,190.303,-0.349701,-0.284195,-0.3366
190.58,190.237,190.215,190.233,-0.342824,-0.365311,-0.347322
190.42,190.194,189.991,190.153,-0.22612,-0.428696,-0.266636
190.31,190.161,189.914,190.112,-0.148974,-0.396439,-0.198467
190.31,190.181,190.048,190.154,-0.129177,-0.26236,-0.155813
189.99,190.076,189.764,190.013,0.0857831,-0.225784,0.0234696
189.72,189.958,189.442,189.855,0.237833,-0.278412,0.134584
189.74,189.95,189.509,189.862,0.210235,-0.23056,0.122076
189.61,189.933,189.556,189.857,0.322692,-0.0535889,0.247436
189.55,189.857,189.338,189.753,0.306898,-0.212067,0.203105
189.4,189.838,189.263,189.723,0.437745,-0.136887,0.322819
189.26,189.775,189.119,189.644,0.51489,-0.140823,0.383747
189.41,189.806,189.22,189.689,0.39619,-0.189941,0.278964
189.25,189.763,189.127,189.636,0.512861,-0.123413,0.385607
188.85,189.575,188.715,189.403,0.725384,-0.135437,0.55322
189.34,189.759,189.166,189.64,0.418869,-0.174255,0.300244
189.16,189.71,189.075,189.583,0.54963,-0.085495,0.422605
188.73,189.552,188.557,189.353,0.822114,-0.173157,0.62306
188.72,189.646,188.377,189.392,0.926274,-0.342606,0.672498
188.92,189.625,188.493,189.398,0.704643,-0.426697,0.478375
189.23,189.796,188.995,189.636,0.566076,-0.234848,0.405891
188.9,189.648,188.488,189.416,0.748192,-0.412354,0.516083
188.87,189.616,188.434,189.38,0.746135,-0.435822,0.509744
188.97,189.672,188.723,189.482,0.702335,-0.247269,0.512414
188.86,189.691,188.725,189.497,0.830604,-0.135468,0.63739
188.88,189.672,188.572,189.452,0.792435,-0.30809,0.57233
194.08,191.312,192.986,191.647,-2.7679,-1.09381,-2.43308
193.23,191.044,192.774,191.39,-2.18634,-0.4561,-1.8403
192.86,190.915,192.076,191.147,-1.94519,-0.783752,-1.7129
192.41,190.861,191.759,191.041,-1.54867,-0.650879,-1.36911
192.21,190.76,191.523,190.913,-1.45,-0.68692,-1.29738
192.06,190.665,191.394,190.811,-1.39468,-0.665543,-1.24885
191.82,190.564,190.954,190.642,-1.25583,-0.865829,-1.17783
191.84,190.627,190.829,190.667,-1.21342,-1.01114,-1.17297
191.78,190.592,190.679,190.609,-1.18794,-1.10136,-1.17062
191.67,190.543,190.545,190.543,-1.12711,-1.12476,-1.12664
191.46,190.447,190.307,190.419,-1.01255,-1.15305,-1.04065
191.41,190.477,190.464,190.474,-0.932904,-0.946045,-0.935532
191.43,190.465,190.446,190.461,-0.965434,-0.984116,-0.969171
191.46,190.509,190.49,190.505,-0.95115,-0.970154,-0.954951
191.34,190.426,190.246,190.39,-0.914388,-1.09366,-0.950242
191.27,190.47,190.245,190.425,-0.799648,-1.02461,-0.844641
191.13,190.481,190.221,190.429,-0.649469,-0.909363,-0.701448
190.98,190.344,190.27,190.329,-0.636207,-0.709625,-0.650891
194.35,191.351,193.55,191.791,-2.99915,-0.800232,-2.55937
193.13,190.978,192.915,191.365,-2.15225,-0.214828,-1.76476
192.47,190.71,191.726,190.913,-1.75983,-0.743546,-1.55657
192.18,190.572,191.67,190.792,-1.60784,-0.50972,-1.38821
191.92,190.443,191.414,190.637,-1.47695,-0.50563,-1.28268
191.58,190.317,191.054,190.465,-1.26255,-0.526184,-1.11528
191.45,190.28,190.893,190.402,-1.17031,-0.557434,-1.04774
191.12,190.152,190.591,190.239,-0.968419,-0.529282,-0.880592
191.03,190.122,190.564,190.21,-0.908201,-0.466385,-0.819837
190.75,190.03,190.279,190.08,-0.719535,-0.470734,-0.669775
190.62,190.04,190.29,190.09,-0.580196,-0.329834,-0.530123
190.47,189.942,190.081,189.97,-0.52819,-0.389297,-0.500411
190.21,189.852,189.915,189.865,-0.357997,-0.294769,-0.345351
193.12,190.699,192.859,191.131,-2.4209,-0.260986,-1.98891
191.92,190.339,191.379,190.547,-1.58128,-0.540878,-1.3732
191.65,190.237,190.888,190.368,-1.41263,-0.761734,-1.28245
189.87,189.736,189.81,189.751,-0.133924,-0.0597839,-0.119096
191.22,190.087,190.932,190.256,-1.13258,-0.288025,-0.963667
190.87,189.938,190.497,190.049,-0.932387,-0.373489,-0.820608
190.67,189.867,190.123,189.918,-0.802832,-0.546539,-0.751573
190.65,189.905,190.3,189.984,-0.74507,-0.350021,-0.66606
190.57,189.878,190.239,189.95,-0.692271,-0.331192,-0.620055
190.65,189.993,190.053,190.005,-0.656703,-0.596634,-0.644689
190.47,189.967,190.029,189.979,-0.503173,-0.441452,-0.490829
190.24,189.796,189.804,189.798,-0.443692,-0.436081,-0.44217
190.18,189.788,189.801,189.79,-0.39217,-0.37915,-0.389566
190.01,189.763,189.668,189.744,-0.246877,-0.341949,-0.265892
189.91,189.676,189.448,189.63,-0.234198,-0.462143,-0.279787
190.13,189.788,189.548,189.74,-0.341568,-0.582199,-0.389694
189.88,189.659,189.344,189.596,-0.221357,-0.536469,-0.284379
189.84,189.701,189.104,189.582,-0.138858,-0.735687,-0.258224
189.72,189.694,189.065,189.568,-0.0257756,-0.655075,-0.151636
189.76,189.664,189.137,189.558,-0.0964301,-0.623154,-0.201775
189.61,189.667,189.15,189.564,0.0572689,-0.460342,-0.0462534
189.51,189.605,188.92,189.468,0.0952797,-0.589935,-0.0417633
189.39,189.54,188.88,189.408,0.14967,-0.509842,0.0177678
189.29,189.51,188.903,189.388,0.219917,-0.38736,0.0984613
189.04,189.419,188.661,189.268,0.379244,-0.379135,0.227568
189.35,189.558,188.909,189.428,0.208009,-0.44072,0.0782634
189.08,189.393,188.583,189.231,0.312553,-0.497314,0.150579
188.94,189.341,188.497,189.172,0.400769,-0.442993,0.232016
189.01,189.379,188.632,189.23,0.369451,-0.377853,0.21999
188.84,189.308,188.42,189.131,0.468363,-0.420303,0.290629
188.91,189.346,188.49,189.175,0.436103,-0.420471,0.264788
188.85,189.265,188.371,189.086,0.41519,-0.478867,0.236379
188.81,189.329,188.492,189.161,0.518859,-0.318405,0.351406
188.72,189.251,188.289,189.059,0.53142,-0.430618,0.339013
188.81,189.4,188.265,189.173,0.589693,-0.545135,0.362727
188.52,189.206,188.196,189.004,0.685824,-0.323944,0.483871
188.59,189.214,188.459,189.063,0.624184,-0.130661,0.473215
188.62,189.229,188.392,189.062,0.60941,-0.2276,0.442008
188.49,189.264,188.01,189.013,0.77396,-0.480087,0.52315
188.44,189.17,188.155,188.967,0.729886,-0.284821,0.526944
188.51,189.251,188.355,189.072,0.740745,-0.155243,0.561547
188.37,189.207,187.815,188.929,0.837344,-0.554733,0.558928
188.42,189.192,187.858,188.925,0.772235,-0.562088,0.50537
188.37,189.215,188.179,189.008,0.845301,-0.190689,0.638103
188.41,189.311,188.278,189.104,0.900755,-0.132263,0.694151
192.16,190.252,192.441,190.69,-1.90774,0.281021,-1.46999
191.5,189.884,192.167,190.341,-1.61564,0.667206,-1.15907
190.98,189.694,191.264,190.008,-1.28588,0.284409,-0.971819
190.66,189.564,190.298,189.711,-1.0959,-0.362228,-0.949164
190.44,189.606,190.065,189.697,-0.834436,-0.37532,-0.742613
190.06,189.478,189.857,189.554,-0.581879,-0.203201,-0.506144
189.92,189.405,189.769,189.477,-0.515376,-0.151398,-0.442581
189.91,189.364,189.719,189.435,-0.546488,-0.190613,-0.475313
189.6,189.283,189.613,189.349,-0.316856,0.0134125,-0.250803
189.26,189.147,189.263,189.171,-0.112513,0.00299072,-0.0894126
189.39,189.346,189.295,189.336,-0.0440878,-0.0950775,-0.0542858
189,189.227,189.118,189.205,0.227343,0.117905,0.205455
189.22,189.261,189.389,189.287,0.0409887,0.169128,0.0666166
189.32,189.228,189.294,189.241,-0.0917622,-0.0259705,-0.0786038
189.29,189.243,189.331,189.261,-0.0466715,0.0411682,-0.0291036
189,189.149,189.084,189.136,0.149164,0.083847,0.136101
188.93,189.123,189.058,189.11,0.192715,0.127731,0.179718
188.65,189.006,188.785,188.962,0.356191,0.135208,0.311994
188.7,189.01,188.859,188.98,0.309808,0.15889,0.279624
188.7,189.009,188.897,188.987,0.309244,0.19696,0.286787
188.44,188.953,188.749,188.912,0.512614,0.309219,0.471935
188.62,188.97,188.718,188.919,0.349511,0.0981903,0.299247
188.65,188.968,188.538,188.882,0.317564,-0.112106,0.23163
188.27,188.933,188.31,188.808,0.662742,0.0402679,0.538248
188.01,188.838,188.372,188.745,0.828459,0.361801,0.735128
187.98,188.855,188.319,188.748,0.874796,0.33876,0.767589
188.06,188.875,188.359,188.771,0.814543,0.298676,0.71137
187.94,188.852,188.406,188.763,0.912075,0.466125,0.822885
188.07,188.851,188.35,188.751,0.780802,0.279556,0.680553
187.98,188.849,188.301,188.739,0.868948,0.321121,0.759383
187.92,188.949,188.517,188.862,1.02867,0.596939,0.942322
188.01,188.823,188.286,188.716,0.813467,0.276077,0.705989
188.04,188.858,188.419,188.77,0.818143,0.378906,0.730295
188.05,188.846,188.31,188.739,0.796488,0.259979,0.689186
187.8,188.754,188.138,188.631,0.954092,0.338074,0.830889
187.7,188.704,188.107,188.584,1.00372,0.407501,0.884478
188.02,188.766,188.238,188.66,0.746105,0.217758,0.640435
187.81,188.72,188.095,188.595,0.910105,0.285263,0.785137
187.87,188.733,188.069,188.6,0.862805,0.1987,0.729984
188.19,188.932,188.145,188.775,0.74202,-0.0447083,0.584674
187.79,188.81,187.834,188.615,1.02027,0.0440369,0.825024
187.94,188.768,187.828,188.58,0.827732,-0.112488,0.639688
187.64,188.717,187.881,188.55,1.07665,0.241409,0.909602
187.63,188.726,187.865,188.554,1.09601,0.234818,0.923771
187.3,188.606,187.426,188.37,1.3056,0.126083,1.06969
187.34,188.615,187.218,188.336,1.2751,-0.122208,0.995637
186.88,188.536,187.229,188.275,1.65622,0.349487,1.39487
186.69,188.408,187.175,188.161,1.71792,0.485428,1.47142
186.48,188.357,187.1,188.106,1.87703,0.619629,1.62555
186.25,188.287,187.011,188.032,2.0368,0.761078,1.78165
186.8,188.458,187.368,188.24,1.6579,0.567551,1.43983
186.38,188.222,187.308,188.04,1.84241,0.928436,1.65962
186.58,188.361,187.102,188.109,1.78097,0.521759,1.52913
186.14,188.096,186.85,187.847,1.95648,0.710114,1.70721
186.07,188.132,187.126,187.931,2.06232,1.05568,1.86099
186.19,188.134,187.079,187.923,1.94413,0.889191,1.73314
192.16,190.049,192.281,190.495,-2.11112,0.120956,-1.6647
191.5,189.68,192.03,190.15,-1.82009,0.529816,-1.35011
190.98,189.489,191.376,189.867,-1.49083,0.396057,-1.11346
190.66,189.359,190.307,189.548,-1.3012,-0.353226,-1.11161
190.44,189.4,190.071,189.534,-1.03993,-0.369431,-0.905832
190.06,189.272,189.865,189.391,-0.787724,-0.194794,-0.669138
189.91,189.161,189.684,189.266,-0.748907,-0.226501,-0.644426
189.6,189.08,189.562,189.177,-0.519529,-0.0383759,-0.423299
189.26,188.944,189.301,189.016,-0.315559,0.0415039,-0.244146
189.39,189.143,189.336,189.182,-0.246818,-0.053772,-0.208209
189,189.024,189.129,189.045,0.0242643,0.128616,0.0451347
189.22,189.058,189.401,189.127,-0.162009,0.181274,-0.0933523
189.29,189.044,189.347,189.105,-0.245977,0.0573578,-0.18531
189,188.95,189.143,188.988,-0.0504041,0.143433,-0.0116368
188.93,188.923,189.07,188.952,-0.00691913,0.139709,0.0224066
188.65,188.806,188.824,188.81,0.156291,0.174194,0.159872
188.7,188.81,188.873,188.823,0.109918,0.17334,0.122602
188.7,188.809,188.911,188.83,0.109335,0.211029,0.129674
188.44,188.753,188.764,188.755,0.312551,0.323532,0.314747
188.65,188.771,188.493,188.716,0.12123,-0.157166,0.0655509
188.27,188.736,188.32,188.653,0.466072,0.0504303,0.382944
188.01,188.642,188.429,188.599,0.631589,0.419434,0.589158
188.06,188.681,188.393,188.624,0.621456,0.333481,0.563861
187.94,188.659,188.325,188.592,0.718934,0.385345,0.652216
188.07,188.658,188.407,188.607,0.587665,0.3367,0.537472
187.98,188.656,188.381,188.601,0.675821,0.401245,0.620906
187.92,188.756,188.53,188.711,0.835812,0.610352,0.79072
188.01,188.63,188.299,188.564,0.620268,0.2892,0.554054
188.04,188.665,188.433,188.619,0.625035,0.393173,0.578662
188.05,188.653,188.324,188.588,0.603388,0.274124,0.537535
187.8,188.561,188.152,188.479,0.760767,0.352249,0.679063
187.7,188.51,188.122,188.433,0.810215,0.421738,0.732519
188.02,188.573,188.252,188.509,0.55279,0.231613,0.488555
187.81,188.527,188.11,188.443,0.716684,0.299911,0.633329
187.87,188.539,188.084,188.448,0.669418,0.213852,0.578305
188.19,188.739,188.155,188.622,0.548875,-0.0346222,0.432175
187.79,188.617,187.845,188.462,0.826825,0.05513,0.672486
187.94,188.574,187.839,188.427,0.634201,-0.101074,0.487146
187.64,188.523,187.894,188.397,0.882975,0.253952,0.757171
187.63,188.532,187.877,188.401,0.902373,0.247406,0.77138
187.34,188.425,187.332,188.206,1.08466,-0.00804138,0.866123
186.88,188.346,187.169,188.11,1.46554,0.288803,1.23019
186.69,188.217,187.178,188.009,1.52691,0.488174,1.31917
186.48,188.166,187.164,187.966,1.6859,0.68428,1.48557
186.25,188.096,187.02,187.88,1.84552,0.770355,1.63049
186.8,188.267,187.38,188.09,1.46704,0.579712,1.28957
186.38,188.031,187.322,187.889,1.6512,0.941757,1.50932
186.58,188.17,187.111,187.958,1.58988,0.530792,1.37806
186.14,187.905,186.862,187.696,1.765,0.722397,1.55648
186.07,187.941,187.14,187.781,1.87089,1.0695,1.71061
186.19,187.943,187.093,187.773,1.75269,0.903473,1.58285
192.64,189.82,192.557,190.367,-2.82032,-0.0827637,-2.27281
191.57,189.449,191.945,189.948,-2.1215,0.375,-1.6222
191.08,189.327,191.276,189.717,-1.75317,0.195602,-1.36342
190.72,189.142,190.137,189.341,-1.57816,-0.583282,-1.37919
190.39,189.1,190.151,189.31,-1.29002,-0.238586,-1.07973
189.85,188.856,189.582,189.001,-0.994395,-0.267578,-0.849032
189.74,188.857,189.701,189.026,-0.8833,-0.0388794,-0.714416
189.57,188.714,189.358,188.843,-0.855765,-0.212173,-0.727046
189.75,188.823,189.693,188.997,-0.927446,-0.0569458,-0.753346
189.44,188.687,189.312,188.812,-0.752792,-0.128113,-0.627856
189.62,188.8,189.654,188.971,-0.819568,0.0336609,-0.648922
189.25,188.581,189.055,188.676,-0.669007,-0.194534,-0.574112
189.03,188.594,189.21,188.717,-0.436167,0.180237,-0.312886
188.82,188.535,189.053,188.638,-0.285192,0.233124,-0.181529
188.7,188.472,188.994,188.576,-0.227781,0.293564,-0.123512
189.02,188.547,189.143,188.667,-0.472561,0.12294,-0.353461
188.73,188.526,189.104,188.641,-0.204221,0.373901,-0.0885962
188.7,188.392,188.876,188.489,-0.307765,0.17598,-0.211016
188.52,188.353,188.766,188.435,-0.167088,0.245712,-0.0845282
188.17,188.348,188.74,188.427,0.17842,0.570175,0.256771
188.47,188.468,188.626,188.5,-0.00213962,0.156143,0.0295169
188.44,188.383,188.805,188.467,-0.0574967,0.364792,0.026961
193.17,189.893,193.111,190.536,-3.27745,-0.0591431,-2.63379
192.23,189.532,192.228,190.071,-2.69784,-0.00198364,-2.15867
191.93,189.446,191.702,189.898,-2.48356,-0.228043,-2.03246
191.6,189.301,190.932,189.627,-2.29939,-0.667648,-1.97304
191.26,189.248,190.683,189.535,-2.0115,-0.576752,-1.72455
191.3,189.287,190.742,189.578,-2.01322,-0.558044,-1.72219
191.04,189.164,190.438,189.419,-1.87557,-0.602325,-1.62092
191.03,189.223,190.629,189.504,-1.80682,-0.40097,-1.52565
190.54,189.014,190.216,189.254,-1.52587,-0.324097,-1.28552
190.37,188.955,190.136,189.191,-1.41511,-0.233765,-1.17884
190.45,189.086,190.025,189.274,-1.36368,-0.425461,-1.17603
189.93,188.893,189.672,189.049,-1.037,-0.257904,-0.881179
190.02,188.902,189.835,189.089,-1.11764,-0.185074,-0.931126
189.77,188.852,189.653,189.012,-0.918469,-0.117111,-0.758198
189.8,188.77,189.533,188.922,-1.03019,-0.26738,-0.877627
189.84,188.787,189.824,188.994,-1.05329,-0.0163727,-0.845905
189.88,188.826,189.605,188.982,-1.05367,-0.274887,-0.897915
189.58,188.723,189.295,188.837,-0.857149,-0.284576,-0.742634
189.86,188.757,189.458,188.897,-1.10307,-0.401871,-0.962833
189.35,188.632,189.307,188.767,-0.71842,-0.043335,-0.583403
189.3,188.592,189.175,188.709,-0.707956,-0.12529,-0.591423
189.4,188.623,189.23,188.744,-0.777119,-0.169754,-0.655646
189.2,188.577,189.184,188.698,-0.623398,-0.0158691,-0.501893
189.44,188.597,189.246,188.727,-0.843434,-0.193604,-0.713468
189.05,188.483,188.972,188.58,-0.5675,-0.0783539,-0.469671
188.93,188.418,188.848,188.504,-0.511733,-0.0814972,-0.425686
188.87,188.489,188.865,188.564,-0.381155,-0.00482178,-0.305888
188.8,188.35,188.592,188.399,-0.449859,-0.207504,-0.401388
188.87,188.428,188.618,188.466,-0.441522,-0.251511,-0.40352
188.94,188.533,188.868,188.6,-0.407223,-0.072052,-0.340189
188.45,188.381,188.499,188.405,-0.0688168,0.0493164,-0.0451901
188.36,188.346,188.464,188.37,-0.0138376,0.103775,0.00968488
188.35,188.338,188.538,188.378,-0.0118365,0.188156,0.028162
188.56,188.338,188.62,188.394,-0.222464,0.059845,-0.166002
188.56,188.343,188.576,188.39,-0.216872,0.015625,-0.170372
188.7,188.389,188.579,188.427,-0.311169,-0.121078,-0.273151
194.73,190.217,193.968,190.967,-4.51328,-0.761887,-3.763
193.21,189.781,193.08,190.44,-3.42931,-0.130447,-2.76953
192.41,189.569,191.845,190.024,-2.84118,-0.564728,-2.38589
192.19,189.423,191.423,189.823,-2.76745,-0.7668,-2.36732
191.76,189.329,191.202,189.704,-2.43071,-0.557755,-2.05612
190.29,188.856,189.653,189.015,-1.43439,-0.636841,-1.27488
189.69,188.648,189.382,188.795,-1.04214,-0.307663,-0.895244
189.37,188.533,189.056,188.638,-0.836726,-0.31395,-0.732171
189.5,188.727,189.359,188.853,-0.77335,-0.141113,-0.646903
189.11,188.475,189.197,188.62,-0.634714,0.0873871,-0.490293
189.88,188.715,189.847,188.942,-1.16479,-0.0330963,-0.938448
193.04,189.694,192.932,190.342,-3.34596,-0.108261,-2.69842
192.01,189.347,191.853,189.848,-2.6628,-0.157196,-2.16168
191.64,189.257,191.224,189.651,-2.38287,-0.415955,-1.98949
191.58,189.181,191.039,189.552,-2.39913,-0.541275,-2.02756
191.51,189.174,190.996,189.539,-2.33554,-0.514481,-1.97133
